{
    "Default": {
        "name": "Default",
        "los": {
            "modus": "dependent",
            "schema": "triangle",
            "pure_schema": "middle_curve",
            "lognormal": {
                "mean": 4.021367854719621,
                "std": 1.2457869145270242
            },
            "uniform": {
                "min": 1,
                "max": 12
            }
        },
        "age": {
            "pure_schema": "high_peak",
            "normal": {
                "mean": 61.55944893111639,
                "std": 17.495923251793975
            },
            "uniform": {
                "min": 18,
                "max": 94
            }
        },
        "load_factor": 0.8,
        "clip": {
            "age": {
                "min": 18,
                "max": 100
            },
            "los": {
                "min": 0,
                "max": 365
            },
            "lor": {
                "min": 1,
                "max": 100
            }
        },
        "rooms": {
            "mode": "duo",
            "superincreasing": false,
            "duo": [
                {
                    "size": 1,
                    "num": 1
                },
                {
                    "size": 2,
                    "num": 0
                }
            ],
            "seq": [
                {
                    "size": 1,
                    "num": 1
                }
            ]
        },
        "lor": {
            "lognormal": {
                "mean": 6.117835707356784,
                "std": 1.511852412624897
            },
            "uniform": {
                "min": 1,
                "max": 6
            },
            "mode": "lognormal"
        },
        "feasible": true,
        "path": "./../instances",
        "time_horizon": 365,
        "amount": 1,
        "rate_params": {
            "mode": "default",
            "female": [
                2.58204297e-06,
                -0.000316813273,
                0.0089469195,
                0.4381718312862405
            ],
            "urgent": [
                2.21895335e-06,
                -0.00029891084,
                0.0101995134,
                0.279651026
            ],
            "private": [
                -1.61572557e-06,
                0.000286972783,
                -0.0134752628,
                0.271661363
            ],
            "companion": [
                -5.65061344e-08,
                2.83196514e-05,
                -0.00301802321,
                0.0977778296
            ],
            "buckets": {
                "female": [
                    0.5043,
                    0.4735,
                    0.4348,
                    0.4026,
                    0.3921,
                    0.4191,
                    0.4988
                ],
                "urgent": [
                    0.381,
                    0.3649,
                    0.3355,
                    0.3063,
                    0.2904,
                    0.3014,
                    0.3524
                ],
                "private": [
                    0.0936,
                    0.0835,
                    0.0998,
                    0.13,
                    0.1642,
                    0.1928,
                    0.2061
                ],
                "companion": [
                    0.0412,
                    0.0246,
                    0.0144,
                    0.0082,
                    0.0059,
                    0.007,
                    0.0113
                ]
            }
        }
    }
}